﻿<?xml version="1.0" encoding="utf-8"?><ArrayOfKeyValueOfguidDocumentOu5aw_Pjb xmlns:i="http://www.w3.org/2001/XMLSchema-instance" xmlns="http://schemas.microsoft.com/2003/10/Serialization/Arrays"><KeyValueOfguidDocumentOu5aw_Pjb><Key>b73f1e57-7ba2-4d75-80e9-664cc1a67af1</Key><Value xmlns:d3p1="http://schemas.datacontract.org/2004/07/Lab1Classes"><d3p1:Id>b73f1e57-7ba2-4d75-80e9-664cc1a67af1</d3p1:Id><d3p1:Number>1</d3p1:Number><d3p1:Name>Doc1</d3p1:Name><d3p1:IsEditable>true</d3p1:IsEditable></Value></KeyValueOfguidDocumentOu5aw_Pjb><KeyValueOfguidDocumentOu5aw_Pjb><Key>aba1d554-adc9-4d29-8381-01715860649e</Key><Value xmlns:d3p1="http://schemas.datacontract.org/2004/07/Lab1Classes"><d3p1:Id>aba1d554-adc9-4d29-8381-01715860649e</d3p1:Id><d3p1:Number>2</d3p1:Number><d3p1:Name>Doc2</d3p1:Name><d3p1:IsEditable>true</d3p1:IsEditable></Value></KeyValueOfguidDocumentOu5aw_Pjb><KeyValueOfguidDocumentOu5aw_Pjb><Key>551d79eb-2842-4a16-a24f-ade8915a74f0</Key><Value xmlns:d3p1="http://schemas.datacontract.org/2004/07/Lab1Classes"><d3p1:Id>551d79eb-2842-4a16-a24f-ade8915a74f0</d3p1:Id><d3p1:Number>3</d3p1:Number><d3p1:Name>Doc3</d3p1:Name><d3p1:IsEditable>true</d3p1:IsEditable></Value></KeyValueOfguidDocumentOu5aw_Pjb></ArrayOfKeyValueOfguidDocumentOu5aw_Pjb>