﻿<?xml version="1.0" encoding="utf-8"?><ArrayOfItemInPart xmlns:i="http://www.w3.org/2001/XMLSchema-instance" xmlns="http://schemas.datacontract.org/2004/07/Lab1Classes"><ItemInPart><Id>6b481dc4-8aa6-4073-945b-43fe5ad644c3</Id><Item><Id>13919e89-58da-4164-b944-4dabb58d519d</Id><Number>1</Number><Bold>false</Bold><FontSize>1</FontSize></Item><Part><Id>c916076d-7371-498e-b030-3746ef783551</Id><Number>2</Number><Name>Part2</Name></Part></ItemInPart><ItemInPart><Id>49ae6ceb-ae62-4415-97c4-af2edbb0330e</Id><Item><Id>ce4c1de8-cee0-4c77-a056-5a5a8fcf6cf0</Id><Number>2</Number><Bold>false</Bold><FontSize>8</FontSize></Item><Part><Id>bdc99397-fd05-4a98-90c8-17ca270a00f6</Id><Number>1</Number><Name>Part1</Name></Part></ItemInPart><ItemInPart><Id>8883bebd-8d4b-4e8d-a42c-7f6a78ae1ae4</Id><Item><Id>0e3066b8-416e-4835-b6d5-7a835d39ddf3</Id><Number>14</Number><Bold>false</Bold><FontSize>3</FontSize></Item><Part><Id>bdc99397-fd05-4a98-90c8-17ca270a00f6</Id><Number>1</Number><Name>Part1</Name></Part></ItemInPart></ArrayOfItemInPart>