﻿<?xml version="1.0" encoding="utf-8"?><ArrayOfKeyValueOfguidItemOu5aw_Pjb xmlns:i="http://www.w3.org/2001/XMLSchema-instance" xmlns="http://schemas.microsoft.com/2003/10/Serialization/Arrays"><KeyValueOfguidItemOu5aw_Pjb><Key>13919e89-58da-4164-b944-4dabb58d519d</Key><Value xmlns:d3p1="http://schemas.datacontract.org/2004/07/Lab1Classes"><d3p1:Id>13919e89-58da-4164-b944-4dabb58d519d</d3p1:Id><d3p1:Number>1</d3p1:Number><d3p1:Bold>false</d3p1:Bold><d3p1:FontSize>1</d3p1:FontSize></Value></KeyValueOfguidItemOu5aw_Pjb><KeyValueOfguidItemOu5aw_Pjb><Key>ce4c1de8-cee0-4c77-a056-5a5a8fcf6cf0</Key><Value xmlns:d3p1="http://schemas.datacontract.org/2004/07/Lab1Classes"><d3p1:Id>ce4c1de8-cee0-4c77-a056-5a5a8fcf6cf0</d3p1:Id><d3p1:Number>2</d3p1:Number><d3p1:Bold>false</d3p1:Bold><d3p1:FontSize>8</d3p1:FontSize></Value></KeyValueOfguidItemOu5aw_Pjb><KeyValueOfguidItemOu5aw_Pjb><Key>0e3066b8-416e-4835-b6d5-7a835d39ddf3</Key><Value xmlns:d3p1="http://schemas.datacontract.org/2004/07/Lab1Classes"><d3p1:Id>0e3066b8-416e-4835-b6d5-7a835d39ddf3</d3p1:Id><d3p1:Number>14</d3p1:Number><d3p1:Bold>false</d3p1:Bold><d3p1:FontSize>3</d3p1:FontSize></Value></KeyValueOfguidItemOu5aw_Pjb></ArrayOfKeyValueOfguidItemOu5aw_Pjb>