﻿<?xml version="1.0" encoding="utf-8"?><ArrayOfKeyValueOfguidPartOu5aw_Pjb xmlns:i="http://www.w3.org/2001/XMLSchema-instance" xmlns="http://schemas.microsoft.com/2003/10/Serialization/Arrays"><KeyValueOfguidPartOu5aw_Pjb><Key>bdc99397-fd05-4a98-90c8-17ca270a00f6</Key><Value xmlns:d3p1="http://schemas.datacontract.org/2004/07/Lab1Classes"><d3p1:Id>bdc99397-fd05-4a98-90c8-17ca270a00f6</d3p1:Id><d3p1:Number>1</d3p1:Number><d3p1:Name>Part1</d3p1:Name></Value></KeyValueOfguidPartOu5aw_Pjb><KeyValueOfguidPartOu5aw_Pjb><Key>c916076d-7371-498e-b030-3746ef783551</Key><Value xmlns:d3p1="http://schemas.datacontract.org/2004/07/Lab1Classes"><d3p1:Id>c916076d-7371-498e-b030-3746ef783551</d3p1:Id><d3p1:Number>2</d3p1:Number><d3p1:Name>Part2</d3p1:Name></Value></KeyValueOfguidPartOu5aw_Pjb></ArrayOfKeyValueOfguidPartOu5aw_Pjb>