﻿<?xml version="1.0" encoding="utf-8"?><ArrayOfPartInDocument xmlns:i="http://www.w3.org/2001/XMLSchema-instance" xmlns="http://schemas.datacontract.org/2004/07/Lab1Classes"><PartInDocument><Id>99ea742b-cf68-4560-8c37-6d0488f53311</Id><Document><Id>b73f1e57-7ba2-4d75-80e9-664cc1a67af1</Id><Number>1</Number><Name>Doc1</Name><IsEditable>true</IsEditable></Document><Part><Id>bdc99397-fd05-4a98-90c8-17ca270a00f6</Id><Number>1</Number><Name>Part1</Name></Part></PartInDocument><PartInDocument><Id>43342aa6-818c-49d7-8d5c-2f058c8bb10c</Id><Document><Id>b73f1e57-7ba2-4d75-80e9-664cc1a67af1</Id><Number>1</Number><Name>Doc1</Name><IsEditable>true</IsEditable></Document><Part><Id>c916076d-7371-498e-b030-3746ef783551</Id><Number>2</Number><Name>Part2</Name></Part></PartInDocument></ArrayOfPartInDocument>